﻿<?xml version="1.0" encoding="utf-8" ?>
<c2eventsheet>
    <!--All the 'name' attributes are ignored by Construct 2 - they are there for readability only.-->
    <name>Event Level 1</name>
    <events>
        <include>Event Utama</include>
        <variable constant="0" name="IkanTersisa" sid="943593532662061" static="0" type="number">6</variable>
        <event-group description="" sid="648131386076350" title="Tangkap Ikan">
            <sub-events>
                <event-block sid="818170298262011">
                    <conditions>
                        <condition id="-1" name="Every tick" sid="974642802918373" type="System" />
                    </conditions>
                    <actions>
                        <action id="0" name="Set text" sid="496987795478450" type="TextSkor">
                            <param id="0" name="Text">SkorIkan</param>
                        </action>
                        <action id="0" name="Set text" sid="871082562415773" type="TextIkan">
                            <param id="0" name="Text">IkanTersisa</param>
                        </action>
                    </actions>
                </event-block>
                <event-block sid="462001738287113">
                    <conditions>
                        <condition id="0" name="On collision with another object" sid="384599358310726" type="Kucing">
                            <param id="0" name="Object">fish</param>
                        </condition>
                    </conditions>
                    <actions>
                        <action id="-9" name="Destroy" sid="773581467100228" type="fish" />
                        <action id="-10" name="Add to" sid="771610437450288" type="System">
                            <param id="0" name="Variable">SkorIkan</param>
                            <param id="1" name="Value">10</param>
                        </action>
                        <action id="-10" name="Add to" sid="308625951046452" type="System">
                            <param id="0" name="Variable">IkanTersisa</param>
                            <param id="1" name="Value">-1</param>
                        </action>
                        <action id="0" name="Play" sid="975283161399320" type="Audio">
                            <param id="0" name="Audio file">slurp</param>
                            <param id="2" name="Loop">0</param>
                            <param id="3" name="Volume">500</param>
                            <param id="1" name="Tag (optional)">&quot;&quot;</param>
                        </action>
                    </actions>
                </event-block>
                <event-block sid="968334143116625">
                    <conditions>
                        <condition id="-14" name="Compare variable" sid="666821006124983" type="System">
                            <param id="0" name="Variable">SkorIkan</param>
                            <param id="1" name="Comparison">4</param>
                            <param id="2" name="Value">SkorTertinggi</param>
                        </condition>
                    </conditions>
                    <actions>
                        <action id="-9" name="Set value" sid="577090566751771" type="System">
                            <param id="0" name="Variable">SkorTertinggi</param>
                            <param id="1" name="Value">SkorIkan</param>
                        </action>
                        <action id="0" name="Set item" sid="954398919824855" type="LocalStorage">
                            <param id="0" name="Key">&quot;best&quot;</param>
                            <param id="1" name="Value">SkorIkan</param>
                        </action>
                    </actions>
                </event-block>
            </sub-events>
        </event-group>
        <event-group description="" sid="890632944296216" title="Next Level">
            <sub-events>
                <event-block sid="143784635011681">
                    <conditions>
                        <condition id="0" name="On collision with another object" sid="934932987923282" type="Kucing">
                            <param id="0" name="Object">house</param>
                        </condition>
                    </conditions>
                    <actions />
                    <sub-events>
                        <event-block sid="639286149110576">
                            <conditions>
                                <condition id="-14" name="Compare variable" sid="625386544460238" type="System">
                                    <param id="0" name="Variable">IkanTersisa</param>
                                    <param id="1" name="Comparison">0</param>
                                    <param id="2" name="Value">0</param>
                                </condition>
                            </conditions>
                            <actions>
                                <action id="-2" name="Go to layout" sid="173233333612405" type="System">
                                    <param id="0" name="Layout">Level 2</param>
                                </action>
                            </actions>
                        </event-block>
                        <event-block sid="907043364015867">
                            <conditions>
                                <condition id="-22" name="Else" sid="792689140944943" type="System" />
                            </conditions>
                            <actions />
                        </event-block>
                    </sub-events>
                </event-block>
            </sub-events>
        </event-group>
    </events>
</c2eventsheet>
