﻿<?xml version="1.0" encoding="utf-8" ?>
<c2eventsheet>
    <!--All the 'name' attributes are ignored by Construct 2 - they are there for readability only.-->
    <name>Event Selesai</name>
    <events>
        <event-block sid="889055927291147">
            <conditions>
                <condition id="-2" name="On start of layout" sid="872245753397455" type="System" />
            </conditions>
            <actions>
                <action id="-16" name="Wait" sid="545474926574967" type="System">
                    <param id="0" name="Seconds">3.0</param>
                </action>
                <action id="-2" name="Go to layout" sid="395660680810613" type="System">
                    <param id="0" name="Layout">Menu</param>
                </action>
            </actions>
        </event-block>
    </events>
</c2eventsheet>
