﻿<?xml version="1.0" encoding="utf-8" ?>
<c2eventsheet>
    <!--All the 'name' attributes are ignored by Construct 2 - they are there for readability only.-->
    <name>Event awal</name>
    <events>
        <event-block sid="697041309507755">
            <conditions>
                <condition id="-2" name="On start of layout" sid="895738533238269" type="System" />
            </conditions>
            <actions>
                <action id="-16" name="Wait" sid="722591491594493" type="System">
                    <param id="0" name="Seconds">3.5</param>
                </action>
                <action id="-2" name="Go to layout" sid="626869368996822" type="System">
                    <param id="0" name="Layout">Menu</param>
                </action>
            </actions>
        </event-block>
    </events>
</c2eventsheet>
