﻿<?xml version="1.0" encoding="utf-8" ?>
<c2eventsheet>
    <!--All the 'name' attributes are ignored by Construct 2 - they are there for readability only.-->
    <name>Event GameOver</name>
    <events>
        <event-block sid="612868465630185">
            <conditions>
                <condition id="-2" name="On start of layout" sid="630860580985753" type="System" />
            </conditions>
            <actions>
                <action id="0" name="Play" sid="198970718049660" type="Audio">
                    <param id="0" name="Audio file">kxd_samescreen_game_over (online-audio-converter.com)</param>
                    <param id="2" name="Loop">0</param>
                    <param id="3" name="Volume">100</param>
                    <param id="1" name="Tag (optional)">&quot;&quot;</param>
                </action>
            </actions>
        </event-block>
        <event-block sid="314443238166894">
            <conditions>
                <condition id="3" name="On touched object" sid="980076515837863" type="Touch">
                    <param id="0" name="Object">klik</param>
                </condition>
            </conditions>
            <actions>
                <action id="-21" name="Reset global variables" sid="858392318149539" type="System" />
                <action id="-2" name="Go to layout" sid="323202557668429" type="System">
                    <param id="0" name="Layout">Menu</param>
                </action>
            </actions>
        </event-block>
    </events>
</c2eventsheet>
