﻿<?xml version="1.0" encoding="utf-8" ?>
<c2eventsheet>
    <!--All the 'name' attributes are ignored by Construct 2 - they are there for readability only.-->
    <name>Event Level 2</name>
    <events>
        <include>Event Utama</include>
        <variable constant="0" name="IkanTersisa2" sid="310617212460559" static="0" type="number">7</variable>
        <event-group description="" sid="602983693963738" title="Next Level2">
            <sub-events>
                <event-block sid="612458896433351">
                    <conditions>
                        <condition id="0" name="On collision with another object" sid="253922926019802" type="Kucing">
                            <param id="0" name="Object">house</param>
                        </condition>
                    </conditions>
                    <actions />
                    <sub-events>
                        <event-block sid="597661844775920">
                            <conditions>
                                <condition id="-14" name="Compare variable" sid="745623184705180" type="System">
                                    <param id="0" name="Variable">IkanTersisa2</param>
                                    <param id="1" name="Comparison">0</param>
                                    <param id="2" name="Value">0</param>
                                </condition>
                            </conditions>
                            <actions>
                                <action id="-2" name="Go to layout" sid="424625138919669" type="System">
                                    <param id="0" name="Layout">Level 3</param>
                                </action>
                            </actions>
                        </event-block>
                        <event-block sid="976417409812693">
                            <conditions>
                                <condition id="-22" name="Else" sid="790993889693575" type="System" />
                            </conditions>
                            <actions />
                        </event-block>
                    </sub-events>
                </event-block>
            </sub-events>
        </event-group>
        <event-group description="" sid="257505358833341" title="Tangkap Ikan2">
            <sub-events>
                <event-block sid="171090997860813">
                    <conditions>
                        <condition id="-1" name="Every tick" sid="462711363798206" type="System" />
                    </conditions>
                    <actions>
                        <action id="0" name="Set text" sid="683607224877882" type="TextSkor">
                            <param id="0" name="Text">SkorIkan</param>
                        </action>
                        <action id="0" name="Set text" sid="500188872603181" type="TextIkan">
                            <param id="0" name="Text">IkanTersisa2</param>
                        </action>
                    </actions>
                </event-block>
                <event-block sid="688722292350791">
                    <conditions>
                        <condition id="0" name="On collision with another object" sid="747818815333962" type="Kucing">
                            <param id="0" name="Object">fish</param>
                        </condition>
                    </conditions>
                    <actions>
                        <action id="-9" name="Destroy" sid="659946916622696" type="fish" />
                        <action id="-10" name="Add to" sid="907191574250297" type="System">
                            <param id="0" name="Variable">SkorIkan</param>
                            <param id="1" name="Value">10</param>
                        </action>
                        <action id="-10" name="Add to" sid="333077217519530" type="System">
                            <param id="0" name="Variable">IkanTersisa2</param>
                            <param id="1" name="Value">-1</param>
                        </action>
                        <action id="0" name="Play" sid="337328982842351" type="Audio">
                            <param id="0" name="Audio file">slurp</param>
                            <param id="2" name="Loop">0</param>
                            <param id="3" name="Volume">200</param>
                            <param id="1" name="Tag (optional)">&quot;&quot;</param>
                        </action>
                    </actions>
                </event-block>
                <event-block sid="834718503740717">
                    <conditions>
                        <condition id="-14" name="Compare variable" sid="536117182120082" type="System">
                            <param id="0" name="Variable">SkorIkan</param>
                            <param id="1" name="Comparison">4</param>
                            <param id="2" name="Value">SkorTertinggi</param>
                        </condition>
                    </conditions>
                    <actions>
                        <action id="-9" name="Set value" sid="116048530146238" type="System">
                            <param id="0" name="Variable">SkorTertinggi</param>
                            <param id="1" name="Value">SkorIkan</param>
                        </action>
                        <action id="0" name="Set item" sid="595253192816024" type="LocalStorage">
                            <param id="0" name="Key">&quot;best&quot;</param>
                            <param id="1" name="Value">SkorIkan</param>
                        </action>
                    </actions>
                </event-block>
            </sub-events>
        </event-group>
        <event-group description="" sid="573779614700998" title="Muncul Roket2">
            <sub-events>
                <event-block sid="815235765296619">
                    <conditions>
                        <condition id="-6" name="Every X seconds" sid="654637325959219" type="System">
                            <param id="0" name="Interval (seconds)">3.0</param>
                        </condition>
                    </conditions>
                    <actions>
                        <action id="-3" name="Create object" sid="911663707539492" type="System">
                            <param id="0" name="Object to create">rocket</param>
                            <param id="1" name="Layer">0</param>
                            <param id="2" name="X">3859</param>
                            <param id="3" name="Y">586</param>
                        </action>
                        <action behavior="Bullet" id="0" name="Set speed" sid="676655834254879" type="rocket">
                            <param id="0" name="Speed">300</param>
                        </action>
                    </actions>
                </event-block>
                <event-block sid="797634447127184">
                    <conditions>
                        <condition id="0" name="On collision with another object" sid="959350382486376" type="rocket">
                            <param id="0" name="Object">Solid</param>
                        </condition>
                    </conditions>
                    <actions>
                        <action id="-9" name="Destroy" sid="821272713248242" type="rocket" />
                    </actions>
                </event-block>
            </sub-events>
        </event-group>
    </events>
</c2eventsheet>
