﻿<?xml version="1.0" encoding="utf-8" ?>
<c2eventsheet>
    <!--All the 'name' attributes are ignored by Construct 2 - they are there for readability only.-->
    <name>Event Level 4</name>
    <events>
        <include>Event Utama</include>
        <variable constant="0" name="IkanTersisa4" sid="926530829754803" static="0" type="number">10</variable>
        <event-group description="" sid="870514000430717" title="Next Level4">
            <sub-events>
                <event-block sid="583325660655613">
                    <conditions>
                        <condition id="0" name="On collision with another object" sid="291627918134140" type="Kucing">
                            <param id="0" name="Object">house</param>
                        </condition>
                    </conditions>
                    <actions />
                    <sub-events>
                        <event-block sid="355894324233918">
                            <conditions>
                                <condition id="-14" name="Compare variable" sid="731925415973591" type="System">
                                    <param id="0" name="Variable">IkanTersisa4</param>
                                    <param id="1" name="Comparison">0</param>
                                    <param id="2" name="Value">0</param>
                                </condition>
                            </conditions>
                            <actions>
                                <action id="-2" name="Go to layout" sid="397721600919536" type="System">
                                    <param id="0" name="Layout">Level 5</param>
                                </action>
                            </actions>
                        </event-block>
                        <event-block sid="646093500813088">
                            <conditions>
                                <condition id="-22" name="Else" sid="145128298382534" type="System" />
                            </conditions>
                            <actions />
                        </event-block>
                    </sub-events>
                </event-block>
            </sub-events>
        </event-group>
        <event-group description="" sid="282479733139998" title="Tangkap Ikan4">
            <sub-events>
                <event-block sid="567539428398710">
                    <conditions>
                        <condition id="-1" name="Every tick" sid="783119844841728" type="System" />
                    </conditions>
                    <actions>
                        <action id="0" name="Set text" sid="941108799436014" type="TextSkor">
                            <param id="0" name="Text">SkorIkan</param>
                        </action>
                        <action id="0" name="Set text" sid="488136906181905" type="TextIkan">
                            <param id="0" name="Text">IkanTersisa4</param>
                        </action>
                    </actions>
                </event-block>
                <event-block sid="698306221421438">
                    <conditions>
                        <condition id="0" name="On collision with another object" sid="416660042921042" type="Kucing">
                            <param id="0" name="Object">fish</param>
                        </condition>
                    </conditions>
                    <actions>
                        <action id="-9" name="Destroy" sid="525816571818458" type="fish" />
                        <action id="-10" name="Add to" sid="519625295024559" type="System">
                            <param id="0" name="Variable">SkorIkan</param>
                            <param id="1" name="Value">10</param>
                        </action>
                        <action id="-10" name="Add to" sid="417457231584134" type="System">
                            <param id="0" name="Variable">IkanTersisa4</param>
                            <param id="1" name="Value">-1</param>
                        </action>
                        <action id="0" name="Play" sid="439088233226500" type="Audio">
                            <param id="0" name="Audio file">slurp</param>
                            <param id="2" name="Loop">0</param>
                            <param id="3" name="Volume">200</param>
                            <param id="1" name="Tag (optional)">&quot;&quot;</param>
                        </action>
                    </actions>
                </event-block>
                <event-block sid="568760719132293">
                    <conditions>
                        <condition id="-14" name="Compare variable" sid="336270864475488" type="System">
                            <param id="0" name="Variable">SkorIkan</param>
                            <param id="1" name="Comparison">4</param>
                            <param id="2" name="Value">SkorTertinggi</param>
                        </condition>
                    </conditions>
                    <actions>
                        <action id="-9" name="Set value" sid="385886828266688" type="System">
                            <param id="0" name="Variable">SkorTertinggi</param>
                            <param id="1" name="Value">SkorIkan</param>
                        </action>
                        <action id="0" name="Set item" sid="349970195510744" type="LocalStorage">
                            <param id="0" name="Key">&quot;best&quot;</param>
                            <param id="1" name="Value">SkorIkan</param>
                        </action>
                    </actions>
                </event-block>
            </sub-events>
        </event-group>
    </events>
</c2eventsheet>
