﻿<?xml version="1.0" encoding="utf-8" ?>
<c2eventsheet>
    <!--All the 'name' attributes are ignored by Construct 2 - they are there for readability only.-->
    <name>Event Utama</name>
    <events>
        <variable constant="0" name="Pause" sid="100599212185123" static="0" type="number">0</variable>
        <variable constant="0" name="NyawaKucing" sid="568337093942958" static="0" type="number">3</variable>
        <variable constant="0" name="SkorIkan" sid="215208516159837" static="0" type="number">0</variable>
        <variable constant="0" name="CheckPoint" sid="612756766914440" static="0" type="number">1</variable>
        <variable constant="0" name="SkorTertinggi" sid="128064443749866" static="0" type="number">0</variable>
        <event-block sid="843053012812468">
            <conditions>
                <condition id="-2" name="On start of layout" sid="529032251645788" type="System" />
            </conditions>
            <actions>
                <action id="0" name="Play" sid="400297001972711" type="Audio">
                    <param id="0" name="Audio file">midnight-ride-01a (online-audio-converter.com)</param>
                    <param id="2" name="Loop">1</param>
                    <param id="3" name="Volume">1000</param>
                    <param id="1" name="Tag (optional)">&quot;musik&quot;</param>
                </action>
                <action id="-18" name="Set layer opacity" sid="479553600218691" type="System">
                    <param id="0" name="Layer">3</param>
                    <param id="1" name="Opacity">100</param>
                </action>
                <action id="-18" name="Set layer opacity" sid="963164679227338" type="System">
                    <param id="0" name="Layer">2</param>
                    <param id="1" name="Opacity">100</param>
                </action>
                <action id="-18" name="Set layer opacity" sid="567952145354092" type="System">
                    <param id="0" name="Layer">1</param>
                    <param id="1" name="Opacity">100</param>
                </action>
                <action id="-18" name="Set layer opacity" sid="674823750657056" type="System">
                    <param id="0" name="Layer">0</param>
                    <param id="1" name="Opacity">100</param>
                </action>
            </actions>
        </event-block>
        <event-group description="" sid="628459923162751" title="Karakter">
            <sub-events>
                <event-block sid="605857112722520">
                    <conditions>
                        <condition behavior="Platform" id="2" name="Is on floor" sid="603021954480858" type="Kucing" />
                    </conditions>
                    <actions />
                    <sub-events>
                        <event-block sid="423319944996540">
                            <conditions>
                                <condition behavior="Platform" id="0" name="Is moving" sid="726574110112756" type="Kucing" />
                            </conditions>
                            <actions>
                                <action id="4" name="Set animation" sid="826524305339399" type="Kucing">
                                    <param id="0" name="Animation">&quot;Jalan&quot;</param>
                                    <param id="1" name="From">1</param>
                                </action>
                            </actions>
                        </event-block>
                        <event-block sid="421582328998178">
                            <conditions>
                                <condition id="-22" name="Else" sid="102313575571242" type="System" />
                            </conditions>
                            <actions>
                                <action id="4" name="Set animation" sid="275417549218234" type="Kucing">
                                    <param id="0" name="Animation">&quot;Diam&quot;</param>
                                    <param id="1" name="From">1</param>
                                </action>
                            </actions>
                        </event-block>
                    </sub-events>
                </event-block>
                <event-block any="1" sid="764051471091928">
                    <conditions>
                        <condition behavior="Platform" id="3" name="Is jumping" sid="309326685370654" type="Kucing" />
                    </conditions>
                    <actions>
                        <action id="4" name="Set animation" sid="699760703026997" type="Kucing">
                            <param id="0" name="Animation">&quot;Lompat&quot;</param>
                            <param id="1" name="From">1</param>
                        </action>
                    </actions>
                </event-block>
                <event-block sid="440173212457784">
                    <conditions>
                        <condition id="-8" name="Compare two values" sid="314603217734783" type="System">
                            <param id="0" name="First value">Kucing.Platform.VectorX</param>
                            <param id="1" name="Comparison">4</param>
                            <param id="2" name="Second value">0</param>
                        </condition>
                    </conditions>
                    <actions>
                        <action id="7" name="Set mirrored" sid="593308711655104" type="Kucing">
                            <param id="0" name="State">1</param>
                        </action>
                    </actions>
                </event-block>
                <event-block sid="150876103679644">
                    <conditions>
                        <condition id="-8" name="Compare two values" sid="618820677343258" type="System">
                            <param id="0" name="First value">Kucing.Platform.VectorX</param>
                            <param id="1" name="Comparison">2</param>
                            <param id="2" name="Second value">0</param>
                        </condition>
                    </conditions>
                    <actions>
                        <action id="7" name="Set mirrored" sid="245675984285069" type="Kucing">
                            <param id="0" name="State">0</param>
                        </action>
                    </actions>
                </event-block>
                <event-block sid="655702346436384">
                    <conditions>
                        <condition id="-1" name="Every tick" sid="216005994395822" type="System" />
                    </conditions>
                    <actions>
                        <action id="-3" name="Set position" sid="940892386381306" type="Kamera">
                            <param id="0" name="X">lerp(Self.X,Kucing.X,0.1)</param>
                            <param id="1" name="Y">lerp(Self.Y,Kucing.Y,0.1)</param>
                        </action>
                        <action id="-16" name="Set opacity" sid="501322343176240" type="BTkiri">
                            <param id="0" name="Opacity">60</param>
                        </action>
                        <action id="-16" name="Set opacity" sid="886909684671826" type="BTkanan">
                            <param id="0" name="Opacity">60</param>
                        </action>
                        <action id="-16" name="Set opacity" sid="826370631641249" type="a">
                            <param id="0" name="Opacity">60</param>
                        </action>
                        <action id="-16" name="Set opacity" sid="215051607358729" type="pause">
                            <param id="0" name="Opacity">60</param>
                        </action>
                        <action id="-16" name="Set opacity" sid="966535227745429" type="close">
                            <param id="0" name="Opacity">60</param>
                        </action>
                    </actions>
                </event-block>
            </sub-events>
        </event-group>
        <event-group description="" sid="833359138339491" title="Layar Sentuh">
            <sub-events>
                <event-block sid="611400620125290">
                    <conditions>
                        <condition id="4" name="Is touching object" sid="977979803324863" type="Touch">
                            <param id="0" name="Object">BTkanan</param>
                        </condition>
                    </conditions>
                    <actions>
                        <action behavior="Platform" id="7" name="Simulate control" sid="760601205965229" type="Kucing">
                            <param id="0" name="Control">1</param>
                        </action>
                    </actions>
                </event-block>
                <event-block sid="485509369796805">
                    <conditions>
                        <condition id="4" name="Is touching object" sid="948419172647104" type="Touch">
                            <param id="0" name="Object">BTkiri</param>
                        </condition>
                    </conditions>
                    <actions>
                        <action behavior="Platform" id="7" name="Simulate control" sid="991996120314550" type="Kucing">
                            <param id="0" name="Control">0</param>
                        </action>
                    </actions>
                </event-block>
                <event-block sid="191335010983113">
                    <conditions>
                        <condition id="4" name="Is touching object" sid="915227408619468" type="Touch">
                            <param id="0" name="Object">a</param>
                        </condition>
                    </conditions>
                    <actions>
                        <action behavior="Platform" id="7" name="Simulate control" sid="792820287632701" type="Kucing">
                            <param id="0" name="Control">2</param>
                        </action>
                    </actions>
                </event-block>
                <event-block sid="968325483108071">
                    <conditions>
                        <condition id="3" name="On touched object" sid="154557029745748" type="Touch">
                            <param id="0" name="Object">close</param>
                        </condition>
                    </conditions>
                    <actions>
                        <action id="-21" name="Reset global variables" sid="682803413948535" type="System" />
                        <action id="-2" name="Go to layout" sid="815852820732721" type="System">
                            <param id="0" name="Layout">Menu</param>
                        </action>
                    </actions>
                </event-block>
                <event-block sid="415668899267522">
                    <conditions>
                        <condition id="3" name="On touched object" sid="165926242731898" type="Touch">
                            <param id="0" name="Object">pause</param>
                        </condition>
                    </conditions>
                    <actions>
                        <action id="-10" name="Add to" sid="573049749140911" type="System">
                            <param id="0" name="Variable">Pause</param>
                            <param id="1" name="Value">1</param>
                        </action>
                        <action id="5" name="Set frame" sid="916126354519835" type="pause">
                            <param id="0" name="Frame number">1</param>
                        </action>
                        <action id="-18" name="Set layer opacity" sid="570551229118707" type="System">
                            <param id="0" name="Layer">3</param>
                            <param id="1" name="Opacity">60</param>
                        </action>
                        <action id="-18" name="Set layer opacity" sid="261632837212262" type="System">
                            <param id="0" name="Layer">2</param>
                            <param id="1" name="Opacity">60</param>
                        </action>
                        <action id="-18" name="Set layer opacity" sid="833537391384239" type="System">
                            <param id="0" name="Layer">1</param>
                            <param id="1" name="Opacity">60</param>
                        </action>
                        <action id="-18" name="Set layer opacity" sid="317238916661337" type="System">
                            <param id="0" name="Layer">0</param>
                            <param id="1" name="Opacity">60</param>
                        </action>
                        <action id="-15" name="Set visible" sid="433199511777742" type="pauseNAMA">
                            <param id="0" name="Visibility">1</param>
                        </action>
                        <action id="-3" name="Set position" sid="141293244921281" type="close">
                            <param id="0" name="X">128</param>
                            <param id="1" name="Y">224</param>
                        </action>
                    </actions>
                </event-block>
                <event-block sid="187929360604743">
                    <conditions>
                        <condition id="-14" name="Compare variable" sid="776811984584291" type="System">
                            <param id="0" name="Variable">Pause</param>
                            <param id="1" name="Comparison">0</param>
                            <param id="2" name="Value">1</param>
                        </condition>
                    </conditions>
                    <actions>
                        <action id="-13" name="Set time scale" sid="805186149760560" type="System">
                            <param id="0" name="Time scale">0</param>
                        </action>
                    </actions>
                </event-block>
                <event-block sid="780270424825913">
                    <conditions>
                        <condition id="-14" name="Compare variable" sid="176023714256164" type="System">
                            <param id="0" name="Variable">Pause</param>
                            <param id="1" name="Comparison">0</param>
                            <param id="2" name="Value">2</param>
                        </condition>
                    </conditions>
                    <actions>
                        <action id="-13" name="Set time scale" sid="358095989231242" type="System">
                            <param id="0" name="Time scale">1.0</param>
                        </action>
                        <action id="5" name="Set frame" sid="626817617987572" type="pause">
                            <param id="0" name="Frame number">0</param>
                        </action>
                        <action id="-15" name="Set visible" sid="974922893081344" type="pauseNAMA">
                            <param id="0" name="Visibility">0</param>
                        </action>
                        <action id="-3" name="Set position" sid="357532645892856" type="close">
                            <param id="0" name="X">-160</param>
                            <param id="1" name="Y">224</param>
                        </action>
                        <action id="-18" name="Set layer opacity" sid="406221716119806" type="System">
                            <param id="0" name="Layer">3</param>
                            <param id="1" name="Opacity">100</param>
                        </action>
                        <action id="-18" name="Set layer opacity" sid="158618878798842" type="System">
                            <param id="0" name="Layer">2</param>
                            <param id="1" name="Opacity">100</param>
                        </action>
                        <action id="-18" name="Set layer opacity" sid="579917328793504" type="System">
                            <param id="0" name="Layer">1</param>
                            <param id="1" name="Opacity">100</param>
                        </action>
                        <action id="-18" name="Set layer opacity" sid="965350367729404" type="System">
                            <param id="0" name="Layer">0</param>
                            <param id="1" name="Opacity">100</param>
                        </action>
                        <action id="-9" name="Set value" sid="104254952547587" type="System">
                            <param id="0" name="Variable">Pause</param>
                            <param id="1" name="Value">0</param>
                        </action>
                    </actions>
                </event-block>
            </sub-events>
        </event-group>
        <event-group description="" sid="968516196661112" title="Musuh">
            <sub-events>
                <event-block sid="844668088682244">
                    <conditions>
                        <condition id="-7" name="Compare instance variable" sid="655617135715305" type="Doggy">
                            <param id="0" name="Instance variable">Patroli</param>
                            <param id="1" name="Comparison">0</param>
                            <param id="2" name="Value">0</param>
                        </condition>
                    </conditions>
                    <actions>
                        <action behavior="Platform" id="7" name="Simulate control" sid="433470112674759" type="Doggy">
                            <param id="0" name="Control">1</param>
                        </action>
                        <action id="7" name="Set mirrored" sid="395201440483095" type="Doggy">
                            <param id="0" name="State">1</param>
                        </action>
                    </actions>
                </event-block>
                <event-block sid="809215825214286">
                    <conditions>
                        <condition id="-7" name="Compare instance variable" sid="273622365281020" type="Doggy">
                            <param id="0" name="Instance variable">Patroli</param>
                            <param id="1" name="Comparison">0</param>
                            <param id="2" name="Value">1</param>
                        </condition>
                    </conditions>
                    <actions>
                        <action behavior="Platform" id="7" name="Simulate control" sid="723871272591925" type="Doggy">
                            <param id="0" name="Control">0</param>
                        </action>
                        <action id="7" name="Set mirrored" sid="208666355184256" type="Doggy">
                            <param id="0" name="State">0</param>
                        </action>
                    </actions>
                </event-block>
                <event-block sid="721181686096742">
                    <conditions>
                        <condition id="0" name="On collision with another object" sid="112144967557027" type="Doggy">
                            <param id="0" name="Object">batas</param>
                        </condition>
                    </conditions>
                    <actions />
                    <sub-events>
                        <event-block sid="417717567979902">
                            <conditions>
                                <condition id="-7" name="Compare instance variable" sid="176753994435139" type="Doggy">
                                    <param id="0" name="Instance variable">Patroli</param>
                                    <param id="1" name="Comparison">0</param>
                                    <param id="2" name="Value">0</param>
                                </condition>
                            </conditions>
                            <actions>
                                <action id="-10" name="Set value" sid="195150411848131" type="Doggy">
                                    <param id="0" name="Instance variable">Patroli</param>
                                    <param id="1" name="Value">1</param>
                                </action>
                            </actions>
                        </event-block>
                        <event-block sid="996702488761231">
                            <conditions>
                                <condition id="-22" name="Else" sid="287944089652828" type="System" />
                            </conditions>
                            <actions>
                                <action id="-10" name="Set value" sid="721740437285169" type="Doggy">
                                    <param id="0" name="Instance variable">Patroli</param>
                                    <param id="1" name="Value">0</param>
                                </action>
                            </actions>
                        </event-block>
                    </sub-events>
                </event-block>
                <event-block sid="310739966316168">
                    <conditions>
                        <condition id="-7" name="Compare instance variable" sid="556579927464853" type="Ular">
                            <param id="0" name="Instance variable">Patroli</param>
                            <param id="1" name="Comparison">0</param>
                            <param id="2" name="Value">0</param>
                        </condition>
                    </conditions>
                    <actions>
                        <action behavior="Platform" id="7" name="Simulate control" sid="413369351981139" type="Ular">
                            <param id="0" name="Control">1</param>
                        </action>
                        <action id="7" name="Set mirrored" sid="618479324771531" type="Ular">
                            <param id="0" name="State">1</param>
                        </action>
                    </actions>
                </event-block>
                <event-block sid="553050012255321">
                    <conditions>
                        <condition id="-7" name="Compare instance variable" sid="412560255965215" type="Ular">
                            <param id="0" name="Instance variable">Patroli</param>
                            <param id="1" name="Comparison">0</param>
                            <param id="2" name="Value">1</param>
                        </condition>
                    </conditions>
                    <actions>
                        <action behavior="Platform" id="7" name="Simulate control" sid="796988466962380" type="Ular">
                            <param id="0" name="Control">0</param>
                        </action>
                        <action id="7" name="Set mirrored" sid="884599017069219" type="Ular">
                            <param id="0" name="State">0</param>
                        </action>
                    </actions>
                </event-block>
                <event-block sid="759645640234648">
                    <conditions>
                        <condition id="0" name="On collision with another object" sid="887269623292850" type="Ular">
                            <param id="0" name="Object">batas</param>
                        </condition>
                    </conditions>
                    <actions />
                    <sub-events>
                        <event-block sid="682597911831096">
                            <conditions>
                                <condition id="-7" name="Compare instance variable" sid="414976980002889" type="Ular">
                                    <param id="0" name="Instance variable">Patroli</param>
                                    <param id="1" name="Comparison">0</param>
                                    <param id="2" name="Value">0</param>
                                </condition>
                            </conditions>
                            <actions>
                                <action id="-10" name="Set value" sid="575866733206247" type="Ular">
                                    <param id="0" name="Instance variable">Patroli</param>
                                    <param id="1" name="Value">1</param>
                                </action>
                            </actions>
                        </event-block>
                        <event-block sid="427702752370034">
                            <conditions>
                                <condition id="-22" name="Else" sid="730500211743644" type="System" />
                            </conditions>
                            <actions>
                                <action id="-10" name="Set value" sid="130701923751605" type="Ular">
                                    <param id="0" name="Instance variable">Patroli</param>
                                    <param id="1" name="Value">0</param>
                                </action>
                            </actions>
                        </event-block>
                    </sub-events>
                </event-block>
            </sub-events>
        </event-group>
        <event-group description="" sid="820402639675543" title="CheckPoint">
            <sub-events>
                <event-block sid="267317910242893">
                    <conditions>
                        <condition id="0" name="On collision with another object" sid="716853751686026" type="Kucing">
                            <param id="0" name="Object">penunjuk</param>
                        </condition>
                        <condition id="-8" inverted="1" name="Is boolean instance variable set" sid="737616008122125" type="penunjuk">
                            <param id="0" name="Instance variable">Checked</param>
                        </condition>
                    </conditions>
                    <actions>
                        <action id="-13" name="Set boolean" sid="441988182206430" type="penunjuk">
                            <param id="0" name="Instance variable">Checked</param>
                            <param id="1" name="Value">1</param>
                        </action>
                        <action id="-9" name="Set value" sid="757757371706171" type="System">
                            <param id="0" name="Variable">CheckPoint</param>
                            <param id="1" name="Value">penunjuk.Nomor</param>
                        </action>
                        <action id="-16" name="Set opacity" sid="481748245068454" type="penunjuk">
                            <param id="0" name="Opacity">60</param>
                        </action>
                    </actions>
                </event-block>
            </sub-events>
        </event-group>
        <event-group description="" sid="869762159393734" title="Nyawa">
            <sub-events>
                <event-block sid="716223615721339">
                    <conditions>
                        <condition id="0" name="On function" sid="518174515401890" type="Function">
                            <param id="0" name="Name">&quot;Perkurangan Darah&quot;</param>
                        </condition>
                    </conditions>
                    <actions />
                    <sub-events>
                        <event-block sid="400584693863338">
                            <conditions>
                                <condition id="-7" name="Compare instance variable" sid="304913880335050" type="penunjuk">
                                    <param id="0" name="Instance variable">Nomor</param>
                                    <param id="1" name="Comparison">0</param>
                                    <param id="2" name="Value">CheckPoint</param>
                                </condition>
                                <condition behavior="Flash" id="0" inverted="1" name="Is flashing" sid="996394035617749" type="Kucing" />
                            </conditions>
                            <actions>
                                <action behavior="Flash" id="0" name="Flash" sid="716784233697020" type="Kucing">
                                    <param id="0" name="&apos;On&apos; time">0.1</param>
                                    <param id="1" name="&apos;Off&apos; time">0.1</param>
                                    <param id="2" name="Duration">1.4</param>
                                </action>
                                <action id="-10" name="Set value" sid="711283190719466" type="Kucing">
                                    <param id="0" name="Instance variable">Darah</param>
                                    <param id="1" name="Value">Kucing.Darah -1</param>
                                </action>
                                <action id="0" name="Play" sid="992888431842495" type="Audio">
                                    <param id="0" name="Audio file">au</param>
                                    <param id="2" name="Loop">0</param>
                                    <param id="3" name="Volume">80</param>
                                    <param id="1" name="Tag (optional)">&quot;&quot;</param>
                                </action>
                            </actions>
                            <sub-events>
                                <event-block sid="865593513156666">
                                    <conditions>
                                        <condition id="-7" name="Compare instance variable" sid="829541798254411" type="Kucing">
                                            <param id="0" name="Instance variable">Darah</param>
                                            <param id="1" name="Comparison">0</param>
                                            <param id="2" name="Value">4</param>
                                        </condition>
                                    </conditions>
                                    <actions>
                                        <action id="5" name="Set frame" sid="598757995165783" type="BarNyawa">
                                            <param id="0" name="Frame number">1</param>
                                        </action>
                                    </actions>
                                </event-block>
                                <event-block sid="160878418827776">
                                    <conditions>
                                        <condition id="-7" name="Compare instance variable" sid="643728763516526" type="Kucing">
                                            <param id="0" name="Instance variable">Darah</param>
                                            <param id="1" name="Comparison">0</param>
                                            <param id="2" name="Value">3</param>
                                        </condition>
                                    </conditions>
                                    <actions>
                                        <action id="5" name="Set frame" sid="305420564763485" type="BarNyawa">
                                            <param id="0" name="Frame number">2</param>
                                        </action>
                                    </actions>
                                </event-block>
                                <event-block sid="964996145251355">
                                    <conditions>
                                        <condition id="-7" name="Compare instance variable" sid="851271283337771" type="Kucing">
                                            <param id="0" name="Instance variable">Darah</param>
                                            <param id="1" name="Comparison">0</param>
                                            <param id="2" name="Value">2</param>
                                        </condition>
                                    </conditions>
                                    <actions>
                                        <action id="5" name="Set frame" sid="850253491171793" type="BarNyawa">
                                            <param id="0" name="Frame number">3</param>
                                        </action>
                                    </actions>
                                </event-block>
                                <event-block sid="192748989026912">
                                    <conditions>
                                        <condition id="-7" name="Compare instance variable" sid="451721170158591" type="Kucing">
                                            <param id="0" name="Instance variable">Darah</param>
                                            <param id="1" name="Comparison">0</param>
                                            <param id="2" name="Value">1</param>
                                        </condition>
                                    </conditions>
                                    <actions>
                                        <action id="5" name="Set frame" sid="630462252744611" type="BarNyawa">
                                            <param id="0" name="Frame number">4</param>
                                        </action>
                                    </actions>
                                </event-block>
                                <event-block sid="659385260461437">
                                    <conditions>
                                        <condition id="-7" name="Compare instance variable" sid="277018319464057" type="Kucing">
                                            <param id="0" name="Instance variable">Darah</param>
                                            <param id="1" name="Comparison">3</param>
                                            <param id="2" name="Value">0</param>
                                        </condition>
                                    </conditions>
                                    <actions>
                                        <action id="5" name="Set frame" sid="134173830884617" type="BarNyawa">
                                            <param id="0" name="Frame number">5</param>
                                        </action>
                                        <action id="-9" name="Destroy" sid="846109560234433" type="Kucing" />
                                        <action id="-3" name="Create object" sid="371601950296356" type="System">
                                            <param id="0" name="Object to create">Kucing</param>
                                            <param id="1" name="Layer">&quot;Karakter&quot;</param>
                                            <param id="2" name="X">penunjuk.X</param>
                                            <param id="3" name="Y">penunjuk.Y - 50</param>
                                        </action>
                                        <action id="-10" name="Add to" sid="998967248519423" type="System">
                                            <param id="0" name="Variable">NyawaKucing</param>
                                            <param id="1" name="Value">-1</param>
                                        </action>
                                        <action id="5" name="Set frame" sid="649497386369548" type="BarNyawa">
                                            <param id="0" name="Frame number">0</param>
                                        </action>
                                    </actions>
                                </event-block>
                            </sub-events>
                        </event-block>
                        <event-block sid="744556273533689">
                            <conditions>
                                <condition id="-14" name="Compare variable" sid="336518965629051" type="System">
                                    <param id="0" name="Variable">NyawaKucing</param>
                                    <param id="1" name="Comparison">0</param>
                                    <param id="2" name="Value">0</param>
                                </condition>
                            </conditions>
                            <actions />
                            <sub-events>
                                <event-block sid="811285962580464">
                                    <conditions>
                                        <condition id="-7" name="Compare instance variable" sid="531412957733284" type="Kucing">
                                            <param id="0" name="Instance variable">Darah</param>
                                            <param id="1" name="Comparison">3</param>
                                            <param id="2" name="Value">0</param>
                                        </condition>
                                    </conditions>
                                    <actions>
                                        <action id="-2" name="Go to layout" sid="772537774833157" type="System">
                                            <param id="0" name="Layout">GameOver</param>
                                        </action>
                                        <action id="6" name="Stop" sid="177574004925238" type="Audio">
                                            <param id="0" name="Tag">&quot;musik&quot;</param>
                                        </action>
                                    </actions>
                                </event-block>
                            </sub-events>
                        </event-block>
                    </sub-events>
                </event-block>
                <event-block sid="527418980121371">
                    <conditions>
                        <condition id="-1" name="Every tick" sid="806881327303521" type="System" />
                    </conditions>
                    <actions>
                        <action id="0" name="Set text" sid="927576762993036" type="TextDarah">
                            <param id="0" name="Text">Kucing.Darah</param>
                        </action>
                        <action id="0" name="Set text" sid="374234320117546" type="TextNyawa">
                            <param id="0" name="Text">NyawaKucing</param>
                        </action>
                    </actions>
                </event-block>
                <event-block sid="459915337286971">
                    <conditions>
                        <condition id="0" name="On collision with another object" sid="367686490618162" type="Kucing">
                            <param id="0" name="Object">Doggy</param>
                        </condition>
                    </conditions>
                    <actions>
                        <action id="0" name="Call function" sid="907926254300107" type="Function">
                            <param id="0" name="Name">&quot;Perkurangan Darah&quot;</param>
                            <param id="1" name="Parameter {n}"></param>
                        </action>
                    </actions>
                </event-block>
                <event-block sid="582549895767379">
                    <conditions>
                        <condition id="0" name="On collision with another object" sid="822645546528195" type="Kucing">
                            <param id="0" name="Object">bee</param>
                        </condition>
                    </conditions>
                    <actions>
                        <action id="0" name="Call function" sid="875900352278864" type="Function">
                            <param id="0" name="Name">&quot;Perkurangan Darah&quot;</param>
                            <param id="1" name="Parameter {n}"></param>
                        </action>
                    </actions>
                </event-block>
                <event-block sid="848645923733688">
                    <conditions>
                        <condition id="0" name="On collision with another object" sid="359738528194459" type="Kucing">
                            <param id="0" name="Object">rocket</param>
                        </condition>
                    </conditions>
                    <actions>
                        <action id="0" name="Call function" sid="379500580121788" type="Function">
                            <param id="0" name="Name">&quot;Perkurangan Darah&quot;</param>
                            <param id="1" name="Parameter {n}"></param>
                        </action>
                    </actions>
                </event-block>
                <event-block sid="902121403911583">
                    <conditions>
                        <condition id="0" name="On collision with another object" sid="801646937454179" type="Kucing">
                            <param id="0" name="Object">Ular</param>
                        </condition>
                    </conditions>
                    <actions>
                        <action id="0" name="Call function" sid="341767424764714" type="Function">
                            <param id="0" name="Name">&quot;Perkurangan Darah&quot;</param>
                            <param id="1" name="Parameter {n}"></param>
                        </action>
                    </actions>
                </event-block>
                <event-block any="1" sid="967956364426312">
                    <conditions>
                        <condition id="0" name="On collision with another object" sid="148284358373671" type="Kucing">
                            <param id="0" name="Object">masukair</param>
                        </condition>
                        <condition id="-4" name="Is outside layout" sid="252706579261931" type="Kucing" />
                    </conditions>
                    <actions />
                    <sub-events>
                        <event-block sid="942370761323156">
                            <conditions>
                                <condition id="-7" name="Compare instance variable" sid="483467330505836" type="penunjuk">
                                    <param id="0" name="Instance variable">Nomor</param>
                                    <param id="1" name="Comparison">0</param>
                                    <param id="2" name="Value">CheckPoint</param>
                                </condition>
                                <condition behavior="Flash" id="0" inverted="1" name="Is flashing" sid="201935253845087" type="Kucing" />
                            </conditions>
                            <actions>
                                <action behavior="Flash" id="0" name="Flash" sid="254658156801561" type="Kucing">
                                    <param id="0" name="&apos;On&apos; time">0.1</param>
                                    <param id="1" name="&apos;Off&apos; time">0.1</param>
                                    <param id="2" name="Duration">1.0</param>
                                </action>
                                <action id="-10" name="Set value" sid="723454023119303" type="Kucing">
                                    <param id="0" name="Instance variable">Darah</param>
                                    <param id="1" name="Value">Kucing.Darah - int(TextDarah.Text)</param>
                                </action>
                                <action id="0" name="Play" sid="296628745289910" type="Audio">
                                    <param id="0" name="Audio file">au</param>
                                    <param id="2" name="Loop">0</param>
                                    <param id="3" name="Volume">80</param>
                                    <param id="1" name="Tag (optional)">&quot;&quot;</param>
                                </action>
                            </actions>
                            <sub-events>
                                <event-block sid="550486940833203">
                                    <conditions>
                                        <condition id="-7" name="Compare instance variable" sid="438810890405658" type="Kucing">
                                            <param id="0" name="Instance variable">Darah</param>
                                            <param id="1" name="Comparison">3</param>
                                            <param id="2" name="Value">0</param>
                                        </condition>
                                    </conditions>
                                    <actions>
                                        <action id="5" name="Set frame" sid="752021790008682" type="BarNyawa">
                                            <param id="0" name="Frame number">5</param>
                                        </action>
                                        <action id="-9" name="Destroy" sid="698359363896314" type="Kucing" />
                                        <action id="-3" name="Create object" sid="808332344316171" type="System">
                                            <param id="0" name="Object to create">Kucing</param>
                                            <param id="1" name="Layer">&quot;Karakter&quot;</param>
                                            <param id="2" name="X">penunjuk.X</param>
                                            <param id="3" name="Y">penunjuk.Y - 50</param>
                                        </action>
                                        <action id="-10" name="Add to" sid="386737829815430" type="System">
                                            <param id="0" name="Variable">NyawaKucing</param>
                                            <param id="1" name="Value">-1</param>
                                        </action>
                                        <action id="5" name="Set frame" sid="311179101942512" type="BarNyawa">
                                            <param id="0" name="Frame number">0</param>
                                        </action>
                                    </actions>
                                </event-block>
                            </sub-events>
                        </event-block>
                        <event-block sid="161945169288262">
                            <conditions>
                                <condition id="-14" name="Compare variable" sid="393860340335101" type="System">
                                    <param id="0" name="Variable">NyawaKucing</param>
                                    <param id="1" name="Comparison">0</param>
                                    <param id="2" name="Value">0</param>
                                </condition>
                            </conditions>
                            <actions />
                            <sub-events>
                                <event-block sid="984648502045221">
                                    <conditions>
                                        <condition id="-7" name="Compare instance variable" sid="161534111184691" type="Kucing">
                                            <param id="0" name="Instance variable">Darah</param>
                                            <param id="1" name="Comparison">3</param>
                                            <param id="2" name="Value">0</param>
                                        </condition>
                                    </conditions>
                                    <actions>
                                        <action id="-2" name="Go to layout" sid="932072130172770" type="System">
                                            <param id="0" name="Layout">GameOver</param>
                                        </action>
                                        <action id="6" name="Stop" sid="313566882776339" type="Audio">
                                            <param id="0" name="Tag">&quot;musik&quot;</param>
                                        </action>
                                    </actions>
                                </event-block>
                            </sub-events>
                        </event-block>
                    </sub-events>
                </event-block>
                <event-block sid="312744015505394">
                    <conditions>
                        <condition id="0" name="On collision with another object" sid="284437740164382" type="Kucing">
                            <param id="0" name="Object">Nyawa</param>
                        </condition>
                    </conditions>
                    <actions>
                        <action id="-10" name="Add to" sid="988471093984455" type="System">
                            <param id="0" name="Variable">NyawaKucing</param>
                            <param id="1" name="Value">1</param>
                        </action>
                        <action id="-9" name="Destroy" sid="610380598188786" type="Nyawa" />
                        <action id="0" name="Play" sid="112704349156054" type="Audio">
                            <param id="0" name="Audio file">slurp</param>
                            <param id="2" name="Loop">0</param>
                            <param id="3" name="Volume">100</param>
                            <param id="1" name="Tag (optional)">&quot;&quot;</param>
                        </action>
                        <action id="-10" name="Add to" sid="181796028025939" type="System">
                            <param id="0" name="Variable">SkorIkan</param>
                            <param id="1" name="Value">10</param>
                        </action>
                    </actions>
                </event-block>
            </sub-events>
        </event-group>
    </events>
</c2eventsheet>
