﻿<?xml version="1.0" encoding="utf-8" ?>
<c2eventsheet>
    <!--All the 'name' attributes are ignored by Construct 2 - they are there for readability only.-->
    <name>Event Level 3</name>
    <events>
        <include>Event Utama</include>
        <variable constant="0" name="IkanTersisa3" sid="376970334793315" static="0" type="number">6</variable>
        <event-group description="" sid="217433197743459" title="Next Level3">
            <sub-events>
                <event-block sid="849002468229700">
                    <conditions>
                        <condition id="0" name="On collision with another object" sid="554420845771976" type="Kucing">
                            <param id="0" name="Object">house</param>
                        </condition>
                    </conditions>
                    <actions />
                    <sub-events>
                        <event-block sid="219378990854767">
                            <conditions>
                                <condition id="-14" name="Compare variable" sid="752414166263100" type="System">
                                    <param id="0" name="Variable">IkanTersisa3</param>
                                    <param id="1" name="Comparison">0</param>
                                    <param id="2" name="Value">0</param>
                                </condition>
                            </conditions>
                            <actions>
                                <action id="-2" name="Go to layout" sid="929476918738632" type="System">
                                    <param id="0" name="Layout">Level 4</param>
                                </action>
                            </actions>
                        </event-block>
                        <event-block sid="184575771985090">
                            <conditions>
                                <condition id="-22" name="Else" sid="270622653307566" type="System" />
                            </conditions>
                            <actions />
                        </event-block>
                    </sub-events>
                </event-block>
            </sub-events>
        </event-group>
        <event-group description="" sid="462019407900849" title="Tangkap Ikan3">
            <sub-events>
                <event-block sid="882254566937913">
                    <conditions>
                        <condition id="-1" name="Every tick" sid="118616327509347" type="System" />
                    </conditions>
                    <actions>
                        <action id="0" name="Set text" sid="451473352401822" type="TextSkor">
                            <param id="0" name="Text">SkorIkan</param>
                        </action>
                        <action id="0" name="Set text" sid="248409256118663" type="TextIkan">
                            <param id="0" name="Text">IkanTersisa3</param>
                        </action>
                    </actions>
                </event-block>
                <event-block sid="462155995049572">
                    <conditions>
                        <condition id="0" name="On collision with another object" sid="666075899360434" type="Kucing">
                            <param id="0" name="Object">fish</param>
                        </condition>
                    </conditions>
                    <actions>
                        <action id="-9" name="Destroy" sid="282499296464792" type="fish" />
                        <action id="-10" name="Add to" sid="514886728942016" type="System">
                            <param id="0" name="Variable">SkorIkan</param>
                            <param id="1" name="Value">10</param>
                        </action>
                        <action id="-10" name="Add to" sid="859361483886634" type="System">
                            <param id="0" name="Variable">IkanTersisa3</param>
                            <param id="1" name="Value">-1</param>
                        </action>
                        <action id="0" name="Play" sid="612675448161072" type="Audio">
                            <param id="0" name="Audio file">slurp</param>
                            <param id="2" name="Loop">0</param>
                            <param id="3" name="Volume">200</param>
                            <param id="1" name="Tag (optional)">&quot;&quot;</param>
                        </action>
                    </actions>
                </event-block>
                <event-block sid="384834699742054">
                    <conditions>
                        <condition id="-14" name="Compare variable" sid="911314490488457" type="System">
                            <param id="0" name="Variable">SkorIkan</param>
                            <param id="1" name="Comparison">4</param>
                            <param id="2" name="Value">SkorTertinggi</param>
                        </condition>
                    </conditions>
                    <actions>
                        <action id="-9" name="Set value" sid="937046438198007" type="System">
                            <param id="0" name="Variable">SkorTertinggi</param>
                            <param id="1" name="Value">SkorIkan</param>
                        </action>
                        <action id="0" name="Set item" sid="194813630395034" type="LocalStorage">
                            <param id="0" name="Key">&quot;best&quot;</param>
                            <param id="1" name="Value">SkorIkan</param>
                        </action>
                    </actions>
                </event-block>
            </sub-events>
        </event-group>
        <event-group description="" sid="822753183663175" title="Muncul Roket3">
            <sub-events>
                <event-block sid="535962174534571">
                    <conditions>
                        <condition id="-6" name="Every X seconds" sid="427980801265845" type="System">
                            <param id="0" name="Interval (seconds)">3.0</param>
                        </condition>
                    </conditions>
                    <actions>
                        <action id="-3" name="Create object" sid="320851874116713" type="System">
                            <param id="0" name="Object to create">rocket</param>
                            <param id="1" name="Layer">0</param>
                            <param id="2" name="X">647</param>
                            <param id="3" name="Y">1184</param>
                        </action>
                        <action behavior="Bullet" id="0" name="Set speed" sid="531400957153942" type="rocket">
                            <param id="0" name="Speed">300</param>
                        </action>
                    </actions>
                </event-block>
                <event-block sid="736163378699082">
                    <conditions>
                        <condition id="0" name="On collision with another object" sid="813954606701661" type="rocket">
                            <param id="0" name="Object">TiledSisiKiri</param>
                        </condition>
                    </conditions>
                    <actions>
                        <action id="-9" name="Destroy" sid="318590117467846" type="rocket" />
                    </actions>
                </event-block>
            </sub-events>
        </event-group>
    </events>
</c2eventsheet>
