﻿<?xml version="1.0" encoding="utf-8" ?>
<c2eventsheet>
    <!--All the 'name' attributes are ignored by Construct 2 - they are there for readability only.-->
    <name>Event Menu</name>
    <events>
        <event-block sid="998328032995202">
            <conditions>
                <condition id="-2" name="On start of layout" sid="107950385643049" type="System" />
            </conditions>
            <actions>
                <action id="0" name="Play" sid="892484908360716" type="Audio">
                    <param id="0" name="Audio file">midnight-ride-01a (online-audio-converter.com)</param>
                    <param id="2" name="Loop">1</param>
                    <param id="3" name="Volume">50</param>
                    <param id="1" name="Tag (optional)">&quot;&quot;</param>
                </action>
                <action id="-13" name="Set time scale" sid="398893886388360" type="System">
                    <param id="0" name="Time scale">1.0</param>
                </action>
            </actions>
        </event-block>
        <event-block sid="660883987966129">
            <conditions>
                <condition id="-2" name="On start of layout" sid="381242682104794" type="System" />
            </conditions>
            <actions>
                <action id="5" name="Check item exists" sid="554896766807622" type="LocalStorage">
                    <param id="0" name="Key">&quot;best&quot;</param>
                </action>
            </actions>
        </event-block>
        <event-block sid="905318284929762">
            <conditions>
                <condition id="4" name="Is touching object" sid="660477714393153" type="Touch">
                    <param id="0" name="Object">BTmain</param>
                </condition>
            </conditions>
            <actions>
                <action id="4" name="Set animation" sid="588146321338133" type="BTmain">
                    <param id="0" name="Animation">&quot;Animasi&quot;</param>
                    <param id="1" name="From">1</param>
                </action>
                <action id="-16" name="Wait" sid="728391488547446" type="System">
                    <param id="0" name="Seconds">1.5</param>
                </action>
                <action id="-2" name="Go to layout" sid="888897831665069" type="System">
                    <param id="0" name="Layout">Level 1</param>
                </action>
            </actions>
        </event-block>
        <event-block any="1" sid="288072712838951">
            <conditions>
                <condition id="17" name="On back button" sid="122382967565877" type="Browser" />
                <condition id="4" name="Is touching object" sid="988031548766331" type="Touch">
                    <param id="0" name="Object">keluar</param>
                </condition>
            </conditions>
            <actions>
                <action id="4" name="Set animation" sid="550702355311468" type="keluar">
                    <param id="0" name="Animation">&quot;Animation2&quot;</param>
                    <param id="1" name="From">1</param>
                </action>
                <action id="-16" name="Wait" sid="525461374145459" type="System">
                    <param id="0" name="Seconds">1.5</param>
                </action>
                <action id="3" name="Exit app" sid="353980103634951" type="CocoonCanvasplus" />
                <action id="1" name="Close" sid="129007449252740" type="Browser" />
            </actions>
        </event-block>
        <event-block sid="842361284798126">
            <conditions>
                <condition id="4" name="Is touching object" sid="887682594026550" type="Touch">
                    <param id="0" name="Object">BTkredit</param>
                </condition>
            </conditions>
            <actions>
                <action id="4" name="Set animation" sid="643703041181581" type="BTkredit">
                    <param id="0" name="Animation">&quot;Animation2&quot;</param>
                    <param id="1" name="From">1</param>
                </action>
                <action id="-16" name="Wait" sid="690243923536694" type="System">
                    <param id="0" name="Seconds">1.5</param>
                </action>
                <action id="-3" name="Set position" sid="376119202880834" type="author">
                    <param id="0" name="X">645</param>
                    <param id="1" name="Y">416</param>
                </action>
                <action id="-3" name="Set position" sid="937784832019427" type="x">
                    <param id="0" name="X">800</param>
                    <param id="1" name="Y">576</param>
                </action>
                <action id="-3" name="Set position" sid="192031161877396" type="BTkredit">
                    <param id="0" name="X">-320</param>
                    <param id="1" name="Y">512</param>
                </action>
                <action id="-3" name="Set position" sid="352101056312425" type="BTmain">
                    <param id="0" name="X">-330</param>
                    <param id="1" name="Y">512</param>
                </action>
                <action id="-3" name="Set position" sid="784877475277132" type="keluar">
                    <param id="0" name="X">-360</param>
                    <param id="1" name="Y">512</param>
                </action>
            </actions>
        </event-block>
        <event-block sid="494978508919120">
            <conditions>
                <condition id="4" name="Is touching object" sid="498376974938817" type="Touch">
                    <param id="0" name="Object">x</param>
                </condition>
            </conditions>
            <actions>
                <action id="-3" name="Set position" sid="318151568230831" type="BTkredit">
                    <param id="0" name="X">640</param>
                    <param id="1" name="Y">352</param>
                </action>
                <action id="-3" name="Set position" sid="364719434395711" type="BTmain">
                    <param id="0" name="X">640</param>
                    <param id="1" name="Y">256</param>
                </action>
                <action id="-3" name="Set position" sid="119072331844176" type="keluar">
                    <param id="0" name="X">640</param>
                    <param id="1" name="Y">448</param>
                </action>
                <action id="-3" name="Set position" sid="428820007087397" type="author">
                    <param id="0" name="X">-320</param>
                    <param id="1" name="Y">320</param>
                </action>
                <action id="-3" name="Set position" sid="491745303545725" type="x">
                    <param id="0" name="X">-320</param>
                    <param id="1" name="Y">-320</param>
                </action>
                <action id="4" name="Set animation" sid="462030564199751" type="BTkredit">
                    <param id="0" name="Animation">&quot;Default&quot;</param>
                    <param id="1" name="From">1</param>
                </action>
            </actions>
        </event-block>
        <event-block sid="992290181475705">
            <conditions>
                <condition id="10" name="On item missing" sid="550548515556931" type="LocalStorage">
                    <param id="0" name="Key">&quot;best&quot;</param>
                </condition>
            </conditions>
            <actions>
                <action id="0" name="Set item" sid="167538204277472" type="LocalStorage">
                    <param id="0" name="Key">&quot;best&quot;</param>
                    <param id="1" name="Value">0</param>
                </action>
            </actions>
        </event-block>
        <event-block sid="636030709307584">
            <conditions>
                <condition id="9" name="On item exists" sid="578456990135135" type="LocalStorage">
                    <param id="0" name="Key">&quot;best&quot;</param>
                </condition>
            </conditions>
            <actions>
                <action id="1" name="Get item" sid="105715957320154" type="LocalStorage">
                    <param id="0" name="Key">&quot;best&quot;</param>
                </action>
                <action id="-9" name="Set value" sid="112043430043467" type="System">
                    <param id="0" name="Variable">SkorTertinggi</param>
                    <param id="1" name="Value">LocalStorage.ItemValue</param>
                </action>
                <action id="0" name="Set text" sid="750666572000214" type="TextHighScore">
                    <param id="0" name="Text">&quot;SKOR TERBAIK : &quot;&amp;SkorTertinggi</param>
                </action>
            </actions>
        </event-block>
    </events>
</c2eventsheet>
