﻿<?xml version="1.0" encoding="utf-8" ?>
<c2eventsheet>
    <!--All the 'name' attributes are ignored by Construct 2 - they are there for readability only.-->
    <name>Event Level 5</name>
    <events>
        <include>Event Utama</include>
        <variable constant="0" name="IkanTersisa5" sid="551078536416190" static="0" type="number">11</variable>
        <event-group description="" sid="971111681805871" title="Next Level5">
            <sub-events>
                <event-block sid="244043711858312">
                    <conditions>
                        <condition id="0" name="On collision with another object" sid="812141841637606" type="Kucing">
                            <param id="0" name="Object">house</param>
                        </condition>
                    </conditions>
                    <actions />
                    <sub-events>
                        <event-block sid="692234770885867">
                            <conditions>
                                <condition id="-14" name="Compare variable" sid="715087980789952" type="System">
                                    <param id="0" name="Variable">IkanTersisa5</param>
                                    <param id="1" name="Comparison">0</param>
                                    <param id="2" name="Value">0</param>
                                </condition>
                            </conditions>
                            <actions>
                                <action id="-2" name="Go to layout" sid="158231821328043" type="System">
                                    <param id="0" name="Layout">Level 3</param>
                                </action>
                            </actions>
                        </event-block>
                        <event-block sid="348600204797673">
                            <conditions>
                                <condition id="-22" name="Else" sid="618702402981520" type="System" />
                            </conditions>
                            <actions />
                        </event-block>
                    </sub-events>
                </event-block>
            </sub-events>
        </event-group>
        <event-group description="" sid="521897838026843" title="Tangkap Ikan5">
            <sub-events>
                <event-block sid="718716823380886">
                    <conditions>
                        <condition id="-1" name="Every tick" sid="800726088696497" type="System" />
                    </conditions>
                    <actions>
                        <action id="0" name="Set text" sid="403456239044423" type="TextSkor">
                            <param id="0" name="Text">SkorIkan</param>
                        </action>
                        <action id="0" name="Set text" sid="908511785881157" type="TextIkan">
                            <param id="0" name="Text">IkanTersisa5</param>
                        </action>
                    </actions>
                </event-block>
                <event-block sid="242062931097360">
                    <conditions>
                        <condition id="0" name="On collision with another object" sid="782417992402654" type="Kucing">
                            <param id="0" name="Object">fish</param>
                        </condition>
                    </conditions>
                    <actions>
                        <action id="-9" name="Destroy" sid="309404738433450" type="fish" />
                        <action id="-10" name="Add to" sid="670909395923815" type="System">
                            <param id="0" name="Variable">SkorIkan</param>
                            <param id="1" name="Value">10</param>
                        </action>
                        <action id="-10" name="Add to" sid="128892009135060" type="System">
                            <param id="0" name="Variable">IkanTersisa5</param>
                            <param id="1" name="Value">-1</param>
                        </action>
                        <action id="0" name="Play" sid="244346153898683" type="Audio">
                            <param id="0" name="Audio file">slurp</param>
                            <param id="2" name="Loop">0</param>
                            <param id="3" name="Volume">200</param>
                            <param id="1" name="Tag (optional)">&quot;&quot;</param>
                        </action>
                    </actions>
                </event-block>
                <event-block sid="239962213758563">
                    <conditions>
                        <condition id="-14" name="Compare variable" sid="606762989647320" type="System">
                            <param id="0" name="Variable">SkorIkan</param>
                            <param id="1" name="Comparison">4</param>
                            <param id="2" name="Value">SkorTertinggi</param>
                        </condition>
                    </conditions>
                    <actions>
                        <action id="-9" name="Set value" sid="650851790706339" type="System">
                            <param id="0" name="Variable">SkorTertinggi</param>
                            <param id="1" name="Value">SkorIkan</param>
                        </action>
                        <action id="0" name="Set item" sid="966985059874870" type="LocalStorage">
                            <param id="0" name="Key">&quot;best&quot;</param>
                            <param id="1" name="Value">SkorIkan</param>
                        </action>
                    </actions>
                </event-block>
            </sub-events>
        </event-group>
        <event-group description="" sid="829579922132949" title="Muncul Roket4">
            <sub-events>
                <event-block sid="480267376691426">
                    <conditions>
                        <condition id="-6" name="Every X seconds" sid="443495710871529" type="System">
                            <param id="0" name="Interval (seconds)">3.5</param>
                        </condition>
                    </conditions>
                    <actions>
                        <action id="-3" name="Create object" sid="794697198762678" type="System">
                            <param id="0" name="Object to create">rocket</param>
                            <param id="1" name="Layer">0</param>
                            <param id="2" name="X">523</param>
                            <param id="3" name="Y">384</param>
                        </action>
                        <action behavior="Bullet" id="0" name="Set speed" sid="734474638517490" type="rocket">
                            <param id="0" name="Speed">300</param>
                        </action>
                    </actions>
                </event-block>
                <event-block sid="600867583522073">
                    <conditions>
                        <condition id="-6" name="Every X seconds" sid="772042051245262" type="System">
                            <param id="0" name="Interval (seconds)">3.5</param>
                        </condition>
                    </conditions>
                    <actions>
                        <action id="-3" name="Create object" sid="545359078926669" type="System">
                            <param id="0" name="Object to create">rocket</param>
                            <param id="1" name="Layer">0</param>
                            <param id="2" name="X">1363</param>
                            <param id="3" name="Y">108</param>
                        </action>
                        <action behavior="Bullet" id="0" name="Set speed" sid="416884167645338" type="rocket">
                            <param id="0" name="Speed">300</param>
                        </action>
                    </actions>
                </event-block>
                <event-block sid="810225035849147">
                    <conditions>
                        <condition id="0" name="On collision with another object" sid="673673966034698" type="rocket">
                            <param id="0" name="Object">TiledSisiKiri</param>
                        </condition>
                    </conditions>
                    <actions>
                        <action id="-9" name="Destroy" sid="654733097741914" type="rocket" />
                    </actions>
                </event-block>
                <event-block sid="582629321559644">
                    <conditions>
                        <condition id="0" name="On collision with another object" sid="943961446117033" type="rocket">
                            <param id="0" name="Object">Sprite7</param>
                        </condition>
                    </conditions>
                    <actions>
                        <action id="-9" name="Destroy" sid="998720786433793" type="rocket" />
                    </actions>
                </event-block>
            </sub-events>
        </event-group>
    </events>
</c2eventsheet>
