﻿<?xml version="1.0" encoding="utf-8" ?>
<c2uistate>
    <!--This is a UI state file - its content describes the user interface settings when the project was last open.
It is entirely optional and the project will load without it.  If you are placing the project under source control,
you probably do not want to add any .uistate.xml files to the repository.-->
    <configurations>
        <active>
            <configuration name="HTML5" />
        </active>
        <display name="HTML5" />
    </configurations>
    <open-tabs>
        <layout order="0">Menu</layout>
        <layout order="2">GameOver</layout>
        <layout order="4">Selesai</layout>
        <layout order="5">Level 2</layout>
        <layout order="6">Level 3</layout>
        <layout order="7">Level 1</layout>
        <layout order="11">Level 4</layout>
        <layout active="1" order="12">Level 5</layout>
        <event-sheet order="1">Event Menu</event-sheet>
        <event-sheet order="3">Event Selesai</event-sheet>
        <event-sheet order="8">Event Utama</event-sheet>
        <event-sheet order="9">Event Level 1</event-sheet>
        <event-sheet order="10">Event Level 2</event-sheet>
        <event-sheet order="13">Event Level 5</event-sheet>
        <event-sheet order="14">Event GameOver</event-sheet>
    </open-tabs>
    <properties>
        <property expanded="1" name="About" />
        <property expanded="1" name="Project settings" />
        <property expanded="0" name="Window Size" />
        <property expanded="1" name="Configuration Settings" />
    </properties>
    <families-expanded root="1" />
    <folders-expanded>
        <folder expanded="1" path="object-folder/" />
        <folder expanded="1" path="object-folder/Kontrol/" />
        <folder expanded="0" path="object-folder/Gambar&amp;Logo/" />
        <folder expanded="0" path="object-folder/jalan&amp;tanah/" />
        <folder expanded="1" path="layout-folder/" />
        <folder expanded="1" path="layout-folder/Level/" />
        <folder expanded="1" path="event-folder/" />
        <folder expanded="1" path="event-folder/Level/" />
        <folder expanded="1" path="file-folder/" />
        <folder expanded="1" path="sound-folder/" />
        <folder expanded="1" path="music-folder/" />
        <folder expanded="0" path="file-folder/Icons/" />
        <folder expanded="1" path="animation-folder/a/" />
        <folder expanded="1" path="animation-folder/BTkanan/" />
        <folder expanded="1" path="animation-folder/BTkiri/" />
        <folder expanded="1" path="animation-folder/BTkredit/" />
        <folder expanded="1" path="animation-folder/BTmain/" />
        <folder expanded="1" path="animation-folder/keluar/" />
        <folder expanded="1" path="animation-folder/klik/" />
        <folder expanded="1" path="animation-folder/x/" />
        <folder expanded="1" path="animation-folder/close/" />
        <folder expanded="1" path="animation-folder/pause/" />
        <folder expanded="1" path="animation-folder/gagal/" />
        <folder expanded="1" path="animation-folder/logo2/" />
        <folder expanded="1" path="animation-folder/BarNyawa/" />
        <folder expanded="1" path="animation-folder/BarSkor/" />
        <folder expanded="1" path="animation-folder/himagrib/" />
        <folder expanded="1" path="animation-folder/Sprite/" />
        <folder expanded="1" path="animation-folder/Sprite10/" />
        <folder expanded="1" path="animation-folder/Sprite11/" />
        <folder expanded="1" path="animation-folder/Sprite3/" />
        <folder expanded="1" path="animation-folder/Sprite2/" />
        <folder expanded="1" path="animation-folder/Sprite4/" />
        <folder expanded="1" path="animation-folder/Sprite5/" />
        <folder expanded="1" path="animation-folder/Sprite6/" />
        <folder expanded="1" path="animation-folder/Sprite7/" />
        <folder expanded="1" path="animation-folder/Sprite8/" />
        <folder expanded="1" path="animation-folder/Kucing/" />
        <folder expanded="1" path="animation-folder/Kamera/" />
        <folder expanded="1" path="animation-folder/Doggy/" />
        <folder expanded="1" path="animation-folder/batas/" />
        <folder expanded="1" path="animation-folder/penunjuk/" />
        <folder expanded="1" path="animation-folder/Nyawa/" />
        <folder expanded="1" path="animation-folder/fish/" />
        <folder expanded="1" path="animation-folder/Kucing2/" />
        <folder expanded="1" path="animation-folder/Hitam/" />
        <folder expanded="1" path="animation-folder/Kucing3/" />
        <folder expanded="1" path="animation-folder/Sprite9/" />
        <folder expanded="1" path="animation-folder/house/" />
        <folder expanded="1" path="animation-folder/Solid/" />
        <folder expanded="1" path="animation-folder/Tree_/" />
        <folder expanded="1" path="animation-folder/rocket/" />
        <folder expanded="1" path="animation-folder/Ular/" />
        <folder expanded="1" path="animation-folder/bee/" />
        <folder expanded="1" path="animation-folder/end/" />
        <folder expanded="1" path="animation-folder/asalRoket/" />
        <folder expanded="1" path="animation-folder/author/" />
        <folder expanded="1" path="animation-folder/masukair/" />
        <folder expanded="1" path="animation-folder/pauseNAMA/" />
    </folders-expanded>
</c2uistate>
